{
  "format": "bony.numeric-golden.v1",
  "skeleton": "m5-transform-rig",
  "version": "0.2.0",
  "time": 0.0,
  "bones": [
    {
      "name": "root",
      "parent": "",
      "world": {
        "a": 1.0,
        "b": 0.0,
        "c": 6.123233995736766e-17,
        "d": 1.0,
        "tx": 0.0,
        "ty": 0.0
      }
    },
    {
      "name": "constrained",
      "parent": "root",
      "world": {
        "a": 1.38581929876693,
        "b": 0.5740251485476346,
        "c": -0.6087614290087207,
        "d": 0.7933533402912352,
        "tx": 60.0,
        "ty": 30.0
      }
    },
    {
      "name": "target",
      "parent": "root",
      "world": {
        "a": 1.4142135623730951,
        "b": 1.414213562373095,
        "c": -0.9659258262890682,
        "d": 0.258819045102521,
        "tx": 80.0,
        "ty": 60.0
      }
    }
  ],
  "slots": [],
  "drawBatches": []
}
